Date,Price,Open,High,Low,Vol.,Change %,ID,Avg
01/01/2000,0.6916,0.6914,0.6986,0.6842,,0.01%,309,0.6915
02/01/2000,0.6902,0.6899,0.6965,0.6818,,-0.20%,308,0.6896
03/01/2000,0.6901,0.6898,0.6926,0.6771,,-0.01%,307,0.6874
04/01/2000,0.6752,0.6749,0.6908,0.6716,,-2.16%,306,0.6781
05/01/2000,0.6681,0.6678,0.6777,0.6605,,-1.05%,305,0.6685
06/01/2000,0.6754,0.6752,0.6835,0.668,,1.09%,304,0.6755
07/01/2000,0.6727,0.6725,0.6835,0.6702,,-0.40%,303,0.6747
08/01/2000,0.6792,0.679,0.68,0.6691,,0.97%,302,0.6768
09/01/2000,0.6652,0.6649,0.6809,0.6631,,-2.06%,301,0.6685
10/01/2000,0.6567,0.6565,0.6701,0.6526,,-1.28%,300,0.6590
11/01/2000,0.6508,0.6506,0.6573,0.64,,-0.90%,299,0.6497
12/01/2000,0.6672,0.6669,0.669,0.6436,,2.52%,298,0.6617
01/01/2001,0.6673,0.6671,0.6712,0.6591,,0.01%,297,0.6662
02/01/2001,0.6509,0.6507,0.6712,0.648,,-2.46%,296,0.6552
03/01/2001,0.6343,0.6341,0.6512,0.6332,,-2.55%,295,0.6382
04/01/2001,0.6513,0.6511,0.6523,0.632,,2.68%,294,0.6467
05/01/2001,0.65,0.6498,0.6547,0.6427,,-0.20%,293,0.6493
06/01/2001,0.6602,0.6599,0.6623,0.65,,1.57%,292,0.6581
07/01/2001,0.6521,0.6518,0.6636,0.6463,,-1.23%,291,0.6535
08/01/2001,0.6446,0.6444,0.6564,0.6445,,-1.15%,290,0.6475
09/01/2001,0.6331,0.633,0.6468,0.6325,,-1.78%,289,0.6364
10/01/2001,0.6294,0.6293,0.6428,0.6294,,-0.58%,288,0.6327
11/01/2001,0.6356,0.6354,0.6371,0.623,,0.99%,287,0.6328
12/01/2001,0.6281,0.628,0.6416,0.6229,,-1.18%,286,0.6302
01/01/2002,0.6302,0.63,0.6318,0.6177,,0.33%,285,0.6274
02/01/2002,0.6243,0.6242,0.6306,0.6203,,-0.94%,284,0.6249
03/01/2002,0.6267,0.6266,0.6353,0.6236,,0.38%,283,0.6281
04/01/2002,0.6378,0.6376,0.6409,0.6242,,1.77%,282,0.6351
05/01/2002,0.6523,0.6521,0.6553,0.6361,,2.27%,281,0.6490
06/01/2002,0.6583,0.6582,0.6651,0.6442,,0.92%,280,0.6565
07/01/2002,0.6312,0.6311,0.6618,0.6266,,-4.12%,279,0.6377
08/01/2002,0.6415,0.6414,0.6454,0.6232,,1.63%,278,0.6379
09/01/2002,0.6301,0.6299,0.6451,0.629,,-1.78%,277,0.6335
10/01/2002,0.6417,0.6415,0.6429,0.6253,,1.84%,276,0.6379
11/01/2002,0.639,0.6388,0.6449,0.6282,,-0.42%,275,0.6377
12/01/2002,0.6358,0.6356,0.6471,0.6329,,-0.50%,274,0.6379
01/01/2003,0.6573,0.6572,0.6589,0.6339,,3.38%,273,0.6518
02/01/2003,0.6739,0.6738,0.6743,0.6523,,2.53%,272,0.6686
03/01/2003,0.6808,0.6807,0.6847,0.6691,,1.02%,271,0.6788
04/01/2003,0.6976,0.6975,0.6986,0.6692,,2.47%,270,0.6907
05/01/2003,0.7318,0.7316,0.7453,0.6993,,4.90%,269,0.7270
06/01/2003,0.7425,0.7423,0.7513,0.7254,,1.46%,268,0.7404
07/01/2003,0.7117,0.7114,0.75,0.7046,,-4.15%,267,0.7194
08/01/2003,0.7212,0.7211,0.7265,0.706,,1.33%,266,0.7187
09/01/2003,0.7389,0.7386,0.7482,0.7154,,2.45%,265,0.7353
10/01/2003,0.7579,0.7577,0.7681,0.7395,,2.57%,264,0.7558
11/01/2003,0.7697,0.7694,0.772,0.7445,,1.56%,263,0.7639
12/01/2003,0.771,0.7707,0.7789,0.7451,,0.17%,262,0.7664
01/01/2004,0.755,0.7548,0.7884,0.7485,,-2.08%,261,0.7617
02/01/2004,0.7489,0.7487,0.7651,0.7412,,-0.81%,260,0.7510
03/01/2004,0.7635,0.7632,0.7687,0.7366,,1.95%,259,0.7580
04/01/2004,0.7298,0.7297,0.7671,0.725,,-4.41%,258,0.7379
05/01/2004,0.7339,0.7337,0.7378,0.7142,,0.56%,257,0.7299
06/01/2004,0.7501,0.75,0.7508,0.7239,,2.21%,256,0.7437
07/01/2004,0.7508,0.7506,0.7658,0.7472,,0.09%,255,0.7536
08/01/2004,0.7619,0.7617,0.7717,0.75,,1.48%,254,0.7613
09/01/2004,0.7923,0.7922,0.7938,0.7595,,3.99%,253,0.7845
10/01/2004,0.821,0.8208,0.8226,0.784,,3.62%,252,0.8121
11/01/2004,0.8434,0.8433,0.8523,0.8141,,2.73%,251,0.8383
12/01/2004,0.8312,0.8311,0.8477,0.8021,,-1.45%,250,0.8280
01/01/2005,0.8061,0.8059,0.8368,0.8019,,-3.02%,249,0.8127
02/01/2005,0.8107,0.8106,0.8175,0.7951,,0.57%,248,0.8085
03/01/2005,0.8268,0.8267,0.8347,0.8003,,1.99%,247,0.8221
04/01/2005,0.7945,0.7944,0.8283,0.7925,,-3.91%,246,0.8024
05/01/2005,0.7973,0.7971,0.8086,0.7856,,0.35%,245,0.7972
06/01/2005,0.8159,0.7973,0.8176,0.7943,,2.33%,244,0.8063
07/01/2005,0.818,0.8035,0.8319,0.8015,,0.26%,243,0.8137
08/01/2005,0.8415,0.8181,0.8448,0.8163,,2.87%,242,0.8302
09/01/2005,0.8596,0.8418,0.863,0.8374,,2.15%,241,0.8505
10/01/2005,0.8462,0.8575,0.8605,0.8388,,-1.56%,240,0.8508
11/01/2005,0.8578,0.8463,0.8589,0.8347,,1.37%,239,0.8494
12/01/2005,0.8601,0.8579,0.8752,0.8507,,0.27%,238,0.8610
01/01/2006,0.8774,0.8584,0.8793,0.8476,,2.01%,237,0.8657
02/01/2006,0.8797,0.8779,0.881,0.8611,,0.26%,236,0.8749
03/01/2006,0.8559,0.8798,0.8851,0.8512,,-2.71%,235,0.8680
04/01/2006,0.8952,0.8542,0.8959,0.8494,,4.59%,234,0.8737
05/01/2006,0.908,0.8949,0.9151,0.8869,,1.43%,233,0.9012
06/01/2006,0.8951,0.9086,0.9122,0.8858,,-1.42%,232,0.9004
07/01/2006,0.8835,0.8972,0.9058,0.8727,,-1.30%,231,0.8898
08/01/2006,0.9061,0.8834,0.9062,0.8794,,2.56%,230,0.8938
09/01/2006,0.8942,0.9056,0.9063,0.8852,,-1.31%,229,0.8978
10/01/2006,0.8909,0.8947,0.8972,0.8761,,-0.37%,228,0.8897
11/01/2006,0.876,0.8909,0.892,0.87,,-1.67%,227,0.8822
12/01/2006,0.8579,0.8768,0.8795,0.8569,,-2.07%,226,0.8678
01/01/2007,0.8502,0.8577,0.8603,0.8437,,-0.90%,225,0.8530
02/01/2007,0.8554,0.8501,0.8649,0.842,,0.61%,224,0.8531
03/01/2007,0.8671,0.8551,0.8697,0.8456,,1.37%,223,0.8594
04/01/2007,0.9014,0.8682,0.9051,0.8621,,3.96%,222,0.8842
05/01/2007,0.9342,0.901,0.9378,0.8953,,3.64%,221,0.9171
06/01/2007,0.9387,0.9347,0.9549,0.9295,,0.48%,220,0.9395
07/01/2007,0.937,0.9406,0.9671,0.9346,,-0.18%,219,0.9448
08/01/2007,0.9469,0.9376,0.9559,0.9204,,1.06%,218,0.9402
09/01/2007,1.0086,0.9475,1.0088,0.9442,,6.52%,217,0.9773
10/01/2007,1.0594,1.0072,1.0617,0.9984,,5.04%,216,1.0317
11/01/2007,1,1.0606,1.1037,0.9985,,-5.61%,215,1.0407
12/01/2007,1.0035,1.0007,1.0252,0.9759,,0.35%,214,1.0013
01/01/2008,0.9967,1.0016,1.0163,0.9636,,-0.68%,213,0.9946
02/01/2008,1.0158,0.9973,1.0297,0.9807,,1.92%,212,1.0059
03/01/2008,0.9746,1.015,1.0259,0.9715,,-4.06%,211,0.9968
04/01/2008,0.9929,0.9747,1.0011,0.9685,,1.88%,210,0.9843
05/01/2008,1.0066,0.9935,1.0184,0.9765,,1.38%,209,0.9988
06/01/2008,0.9793,1.005,1.0072,0.9689,,-2.71%,208,0.9901
07/01/2008,0.977,0.9806,1.0025,0.9736,,-0.23%,207,0.9834
08/01/2008,0.9401,0.9781,0.9778,0.9324,,-3.78%,206,0.9571
09/01/2008,0.9402,0.9424,0.9711,0.9243,,0.01%,205,0.9445
10/01/2008,0.8247,0.9414,0.9482,0.7684,,-12.28%,204,0.8707
11/01/2008,0.8093,0.8269,0.872,0.7703,,-1.87%,203,0.8196
12/01/2008,0.8218,0.8088,0.8381,0.769,,1.54%,202,0.8094
01/01/2009,0.8151,0.822,0.8502,0.7836,,-0.82%,201,0.8177
02/01/2009,0.7853,0.8146,0.8243,0.7856,,-3.66%,200,0.8025
03/01/2009,0.7926,0.7833,0.8203,0.7657,,0.93%,199,0.7905
04/01/2009,0.8377,0.7927,0.8431,0.7867,,5.69%,198,0.8151
05/01/2009,0.9168,0.8377,0.9182,0.837,,9.44%,197,0.8774
06/01/2009,0.86,0.9172,0.9274,0.8594,,-6.20%,196,0.8910
07/01/2009,0.9277,0.8601,0.9303,0.8532,,7.87%,195,0.8928
08/01/2009,0.9138,0.9287,0.9405,0.8999,,-1.50%,194,0.9207
09/01/2009,0.9352,0.9147,0.9442,0.901,,2.34%,193,0.9238
10/01/2009,0.922,0.9355,0.9798,0.9127,,-1.41%,192,0.9375
11/01/2009,0.9472,0.9222,0.9599,0.9202,,2.73%,191,0.9374
12/01/2009,0.9507,0.9476,0.9647,0.9308,,0.37%,190,0.9485
01/01/2010,0.9348,0.9494,0.978,0.9348,,-1.67%,189,0.9493
02/01/2010,0.9497,0.9344,0.9642,0.9277,,1.59%,188,0.9440
03/01/2010,0.9849,0.9485,0.9939,0.9459,,3.71%,187,0.9683
04/01/2010,0.9828,0.9853,1.0071,0.9791,,-0.21%,186,0.9886
05/01/2010,0.9569,0.9843,0.9899,0.9217,,-2.64%,185,0.9632
06/01/2010,0.9394,0.9587,0.9867,0.9368,,-1.83%,184,0.9554
07/01/2010,0.9711,0.9403,0.9754,0.9367,,3.37%,183,0.9559
08/01/2010,0.9395,0.9719,0.9897,0.9373,,-3.25%,182,0.9596
09/01/2010,0.9715,0.9394,0.9812,0.9384,,3.41%,181,0.9576
10/01/2010,0.9814,0.9714,1.0022,0.9641,,1.02%,180,0.9798
11/01/2010,0.9738,0.9815,1.0024,0.9722,,-0.77%,179,0.9825
12/01/2010,1.0027,0.9744,1.0075,0.9737,,2.97%,178,0.9896
01/01/2011,0.9984,1.0052,1.0171,0.9943,,-0.43%,177,1.0038
02/01/2011,1.0292,0.9992,1.0303,0.9988,,3.08%,176,1.0144
03/01/2011,1.0308,1.0295,1.0348,1.0027,,0.16%,175,1.0245
04/01/2011,1.0583,1.0311,1.0598,1.0287,,2.67%,174,1.0445
05/01/2011,1.032,1.0576,1.059,1.0187,,-2.49%,173,1.0418
06/01/2011,1.0379,1.0322,1.0393,1.0088,,0.57%,172,1.0296
07/01/2011,1.0467,1.0376,1.0635,1.0227,,0.85%,171,1.0426
08/01/2011,1.0223,1.0465,1.054,0.9991,,-2.33%,170,1.0305
09/01/2011,0.9522,1.0223,1.0274,0.952,,-6.86%,169,0.9885
10/01/2011,1.0003,0.9542,1.0113,0.9384,,5.05%,168,0.9761
11/01/2011,0.981,1.0005,1.003,0.9503,,-1.93%,167,0.9837
12/01/2011,0.9807,0.9817,0.9951,0.9594,,-0.03%,166,0.9792
01/01/2012,0.9969,0.9797,1.0038,0.9692,,1.65%,165,0.9874
02/01/2012,1.0104,0.9976,1.0161,0.9949,,1.35%,164,1.0048
03/01/2012,1.002,1.0109,1.0165,0.9967,,-0.83%,163,1.0065
04/01/2012,1.0129,1.004,1.0204,0.9949,,1.09%,162,1.0081
05/01/2012,0.9675,1.0131,1.0174,0.9648,,-4.48%,161,0.9907
06/01/2012,0.9835,0.9681,0.9843,0.9573,,1.65%,160,0.9733
07/01/2012,0.9967,0.9836,0.9998,0.9754,,1.34%,159,0.9889
08/01/2012,1.0135,0.9966,1.0163,0.9914,,1.69%,158,1.0045
09/01/2012,1.017,1.0129,1.0382,1.0081,,0.35%,157,1.0191
10/01/2012,0.9998,1.0164,1.0274,0.9979,,-1.69%,156,1.0104
11/01/2012,1.0063,0.9996,1.013,0.9942,,0.65%,155,1.0033
12/01/2012,1.0067,1.0063,1.018,1.0028,,0.04%,154,1.0085
01/01/2013,1.0025,1.0074,1.0191,0.99,,-0.42%,153,1.0048
02/01/2013,0.9701,1.0024,1.007,0.9694,,-3.23%,152,0.9872
03/01/2013,0.983,0.9704,0.9858,0.9668,,1.33%,151,0.9765
04/01/2013,0.9925,0.9823,0.9945,0.9714,,0.97%,150,0.9852
05/01/2013,0.9633,0.9928,0.9987,0.9595,,-2.94%,149,0.9786
06/01/2013,0.9505,0.965,0.9868,0.9472,,-1.33%,148,0.9624
07/01/2013,0.9729,0.951,0.9761,0.9425,,2.36%,147,0.9606
08/01/2013,0.9487,0.9731,0.9742,0.9461,,-2.49%,146,0.9605
09/01/2013,0.9698,0.9503,0.9822,0.9469,,2.22%,145,0.9623
10/01/2013,0.9585,0.97,0.9738,0.9525,,-1.17%,144,0.9637
11/01/2013,0.9419,0.9587,0.9619,0.9408,,-1.73%,143,0.9508
12/01/2013,0.9413,0.9422,0.9557,0.9312,,-0.06%,142,0.9426
01/01/2014,0.8983,0.9413,0.9445,0.8907,,-4.57%,141,0.9187
02/01/2014,0.9036,0.8983,0.9168,0.8943,,0.59%,140,0.9033
03/01/2014,0.9049,0.9046,0.913,0.8866,,0.14%,139,0.9023
04/01/2014,0.912,0.905,0.9212,0.9032,,0.78%,138,0.9104
05/01/2014,0.9221,0.9122,0.9249,0.9086,,1.11%,137,0.9170
06/01/2014,0.9369,0.922,0.9394,0.9123,,1.61%,136,0.9277
07/01/2014,0.9167,0.937,0.9418,0.9148,,-2.16%,135,0.9276
08/01/2014,0.9189,0.9169,0.9251,0.9092,,0.24%,134,0.9175
09/01/2014,0.8927,0.9194,0.9243,0.8911,,-2.85%,133,0.9069
10/01/2014,0.8875,0.8931,0.9035,0.8781,,-0.58%,132,0.8906
11/01/2014,0.876,0.8877,0.8935,0.8719,,-1.30%,131,0.8823
12/01/2014,0.8604,0.8755,0.8841,0.8566,,-1.78%,130,0.8692
01/01/2015,0.7854,0.8605,0.8622,0.7813,,-8.72%,129,0.8224
02/01/2015,0.7994,0.7854,0.8096,0.7829,,1.78%,128,0.7943
03/01/2015,0.7881,0.8012,0.8061,0.7792,,-1.41%,127,0.7937
04/01/2015,0.828,0.7884,0.8372,0.7867,,5.06%,126,0.8101
05/01/2015,0.8032,0.828,0.839,0.7975,,-3.00%,125,0.8169
06/01/2015,0.8003,0.8038,0.8246,0.7959,,-0.36%,124,0.8062
07/01/2015,0.7639,0.8004,0.8017,0.7631,,-4.55%,123,0.7823
08/01/2015,0.7609,0.7635,0.7722,0.7488,,-0.39%,122,0.7614
09/01/2015,0.7509,0.7612,0.7686,0.743,,-1.31%,121,0.7559
10/01/2015,0.7645,0.7512,0.7795,0.75,,1.81%,120,0.7613
11/01/2015,0.7483,0.7644,0.7671,0.7441,,-2.12%,119,0.7560
12/01/2015,0.7224,0.7484,0.7524,0.7142,,-3.46%,118,0.7344
01/01/2016,0.7156,0.7225,0.7239,0.6806,,-0.94%,117,0.7107
02/01/2016,0.7384,0.7157,0.7418,0.709,,3.19%,116,0.7262
03/01/2016,0.7688,0.7385,0.7779,0.7377,,4.12%,115,0.7557
04/01/2016,0.7965,0.769,0.8002,0.7564,,3.60%,114,0.7805
05/01/2016,0.7637,0.7968,0.8026,0.7581,,-4.12%,113,0.7803
06/01/2016,0.7736,0.7638,0.7904,0.7607,,1.30%,112,0.7721
07/01/2016,0.7669,0.7737,0.7795,0.7545,,-0.87%,111,0.7687
08/01/2016,0.7631,0.7675,0.7836,0.7574,,-0.50%,110,0.7679
09/01/2016,0.7616,0.763,0.78,0.7529,,-0.20%,109,0.7644
10/01/2016,0.7456,0.762,0.769,0.7444,,-2.10%,108,0.7553
11/01/2016,0.7442,0.7459,0.754,0.7358,,-0.19%,107,0.7450
12/01/2016,0.7443,0.7441,0.7645,0.7353,,0.01%,106,0.7471
01/01/2017,0.7673,0.7442,0.7711,0.7428,,3.09%,105,0.7564
02/01/2017,0.7518,0.7674,0.7704,0.751,,-2.02%,104,0.7602
03/01/2017,0.7509,0.7518,0.7539,0.7388,,-0.12%,103,0.7489
04/01/2017,0.7324,0.7516,0.7563,0.73,,-2.46%,102,0.7426
05/01/2017,0.7406,0.7322,0.747,0.7249,,1.12%,101,0.7362
06/01/2017,0.7712,0.7407,0.7724,0.7381,,4.13%,100,0.7556
07/01/2017,0.8013,0.7713,0.8055,0.7682,,3.90%,99,0.7866
08/01/2017,0.801,0.8013,0.8038,0.7825,,-0.04%,98,0.7972
09/01/2017,0.8018,0.8012,0.8292,0.7982,,0.10%,97,0.8076
10/01/2017,0.7759,0.8016,0.8044,0.7742,,-3.23%,96,0.7890
11/01/2017,0.7753,0.7758,0.7897,0.7745,,-0.08%,95,0.7788
12/01/2017,0.7948,0.7754,0.7992,0.7739,,2.52%,94,0.7858
01/01/2018,0.8119,0.795,0.8164,0.7942,,2.15%,93,0.8044
02/01/2018,0.7792,0.812,0.816,0.7786,,-4.03%,92,0.7965
03/01/2018,0.7754,0.7793,0.7811,0.7618,,-0.49%,91,0.7744
04/01/2018,0.7785,0.775,0.7984,0.7725,,0.40%,90,0.7811
05/01/2018,0.7716,0.7788,0.7857,0.7664,,-0.89%,89,0.7756
06/01/2018,0.7614,0.7718,0.7778,0.747,,-1.32%,88,0.7645
07/01/2018,0.7687,0.761,0.7703,0.7524,,0.96%,87,0.7631
08/01/2018,0.7669,0.7689,0.7761,0.7589,,-0.23%,86,0.7677
09/01/2018,0.7747,0.7669,0.7763,0.756,,1.02%,85,0.7685
10/01/2018,0.7601,0.7751,0.7825,0.7592,,-1.88%,84,0.7692
11/01/2018,0.7519,0.7601,0.7665,0.7484,,-1.08%,83,0.7567
12/01/2018,0.7332,0.7542,0.7599,0.7309,,-2.49%,82,0.7446
01/01/2019,0.762,0.7333,0.7624,0.7319,,3.93%,81,0.7474
02/01/2019,0.7593,0.762,0.7653,0.7495,,-0.35%,80,0.7590
03/01/2019,0.7492,0.7592,0.7617,0.7423,,-1.33%,79,0.7531
04/01/2019,0.747,0.7488,0.7535,0.7395,,-0.29%,78,0.7472
05/01/2019,0.7399,0.7471,0.7488,0.7371,,-0.95%,77,0.7432
06/01/2019,0.7637,0.7395,0.7659,0.7391,,3.22%,76,0.7521
07/01/2019,0.758,0.7638,0.7684,0.7567,,-0.75%,75,0.7617
08/01/2019,0.7511,0.7581,0.759,0.7493,,-0.91%,74,0.7544
09/01/2019,0.7551,0.7511,0.7616,0.7472,,0.53%,73,0.7538
10/01/2019,0.7597,0.7552,0.767,0.7491,,0.61%,72,0.7578
11/01/2019,0.7531,0.7596,0.7628,0.7502,,-0.87%,71,0.7564
12/01/2019,0.77,0.7531,0.7722,0.7506,,2.24%,70,0.7615
01/01/2020,0.7555,0.7699,0.772,0.7545,,-1.88%,69,0.7630
02/01/2020,0.7462,0.7555,0.7576,0.7426,,-1.23%,68,0.7505
03/01/2020,0.711,0.7455,0.7511,0.6817,,-4.72%,67,0.7223
04/01/2020,0.7169,0.7112,0.7221,0.6993,,0.83%,66,0.7124
05/01/2020,0.7261,0.717,0.7293,0.7055,,1.28%,65,0.7195
06/01/2020,0.7364,0.7256,0.7512,0.7245,,1.42%,64,0.7344
07/01/2020,0.7453,0.7366,0.7502,0.7327,,1.21%,63,0.7412
08/01/2020,0.7664,0.7462,0.7681,0.7434,,2.83%,62,0.7560
09/01/2020,0.7508,0.7667,0.7697,0.7451,,-2.04%,61,0.7581
10/01/2020,0.7507,0.7507,0.7646,0.7468,,-0.01%,60,0.7532
11/01/2020,0.769,0.751,0.7739,0.7479,,2.44%,59,0.7605
12/01/2020,0.7851,0.7691,0.7883,0.7688,,2.09%,58,0.7778
01/01/2021,0.7824,0.7854,0.7944,0.7763,,-0.34%,57,0.7846
02/01/2021,0.7847,0.7826,0.8022,0.777,,0.29%,56,0.7866
03/01/2021,0.7961,0.786,0.8088,0.785,,1.45%,55,0.7940
04/01/2021,0.8135,0.7961,0.8154,0.7903,,2.19%,54,0.8038
05/01/2021,0.8288,0.8138,0.8325,0.8096,,1.88%,53,0.8212
06/01/2021,0.8066,0.8289,0.8331,0.8008,,-2.68%,52,0.8174
07/01/2021,0.8017,0.8065,0.813,0.7807,,-0.61%,51,0.8005
08/01/2021,0.7925,0.8013,0.8032,0.7722,,-1.15%,50,0.7923
09/01/2021,0.7885,0.7922,0.8005,0.7754,,-0.50%,49,0.7892
10/01/2021,0.807,0.7887,0.8138,0.785,,2.35%,48,0.7986
11/01/2021,0.7825,0.8069,0.8097,0.7789,,-3.04%,47,0.7945
12/01/2021,0.7913,0.7826,0.7933,0.7713,,1.12%,46,0.7846
01/01/2022,0.7868,0.7915,0.8032,0.7804,,-0.57%,45,0.7905
02/01/2022,0.7887,0.7869,0.7914,0.7764,,0.24%,44,0.7859
03/01/2022,0.7998,0.7887,0.8046,0.775,,1.41%,43,0.7920
04/01/2022,0.7776,0.7998,0.8063,0.7764,,-2.78%,42,0.7900
05/01/2022,0.7906,0.7788,0.7919,0.7646,,1.67%,41,0.7815
06/01/2022,0.7768,0.7907,0.7989,0.7645,,-1.75%,40,0.7827
07/01/2022,0.7816,0.7768,0.782,0.7562,,0.62%,39,0.7742
08/01/2022,0.7614,0.7804,0.7857,0.7609,,-2.58%,38,0.7721
09/01/2022,0.7231,0.7614,0.772,0.7225,,-5.03%,37,0.7448
10/01/2022,0.7339,0.7237,0.7411,0.7154,,1.49%,36,0.7285
11/01/2022,0.7457,0.734,0.756,0.7242,,1.61%,35,0.7400
12/01/2022,0.7378,0.7456,0.7471,0.7296,,-1.06%,34,0.7400
01/01/2023,0.7515,0.738,0.752,0.7307,,1.86%,33,0.7431
02/01/2023,0.7327,0.7516,0.7541,0.7317,,-2.50%,32,0.7425
03/01/2023,0.7398,0.733,0.7404,0.7214,,0.97%,31,0.7337
04/01/2023,0.7378,0.7398,0.7518,0.7316,,-0.27%,30,0.7403
05/01/2023,0.7366,0.7383,0.751,0.7323,,-0.16%,29,0.7396
06/01/2023,0.7553,0.7368,0.7624,0.736,,2.54%,28,0.7476
07/01/2023,0.7582,0.7552,0.7638,0.7469,,0.38%,27,0.7560
08/01/2023,0.7401,0.7582,0.7586,0.7331,,-2.39%,26,0.7475
09/01/2023,0.7365,0.7403,0.7473,0.7301,,-0.49%,25,0.7386
10/01/2023,0.7207,0.7368,0.7376,0.7197,,-2.15%,24,0.7287
11/01/2023,0.7374,0.7207,0.7385,0.7194,,2.32%,23,0.7290
12/01/2023,0.7547,0.7373,0.7589,0.7342,,2.35%,22,0.7463
01/01/2024,0.7443,0.7548,0.7559,0.7384,,-1.38%,21,0.7484
02/01/2024,0.7363,0.7442,0.7483,0.7349,,-1.07%,20,0.7409
03/01/2024,0.7384,0.7365,0.7452,0.7344,,0.29%,19,0.7386
04/01/2024,0.7257,0.7383,0.742,0.7222,,-1.72%,18,0.7321
05/01/2024,0.7337,0.7259,0.7359,0.7254,,1.10%,17,0.7302
06/01/2024,0.7309,0.7338,0.7352,0.725,,-0.38%,16,0.7312
07/01/2024,0.7242,0.7311,0.7359,0.7212,,-0.92%,15,0.7281
08/01/2024,0.741,0.7243,0.7441,0.717,,2.32%,14,0.7316
09/01/2024,0.7393,0.7413,0.7453,0.7327,,-0.23%,13,0.7397
10/01/2024,0.7177,0.7393,0.7423,0.717,,-2.92%,12,0.7291
11/01/2024,0.7141,0.7178,0.7235,0.7053,,-0.50%,11,0.7152
12/01/2024,0.6952,0.714,0.715,0.6912,,-2.65%,10,0.7039
01/01/2025,0.6884,0.6953,0.7013,0.6852,,-0.98%,9,0.6926
02/01/2025,0.6913,0.6808,0.7067,0.676,,0.42%,8,0.6887
03/01/2025,0.695,0.6913,0.7025,0.6876,,0.54%,7,0.6941
04/01/2025,0.7247,0.6952,0.7263,0.6937,,4.27%,6,0.7100
05/01/2025,0.7278,0.7248,0.7307,0.7134,,0.43%,5,0.7242
06/01/2025,0.7348,0.7279,0.7386,0.7247,,0.96%,4,0.7315
07/01/2025,0.7218,0.7348,0.7377,0.7215,,-1.77%,3,0.7290
08/01/2025,0.7276,0.7218,0.7289,0.7181,,0.80%,2,0.7241
09/01/2025,0.7261,0.728,0.7285,0.72,,-0.20%,1,0.7257
